sample_id,SampleCode,city,state,sample_date,Year,MonthNum,Month,CP,DOM,DOMCP,Longitude,Latitude,MAP,MAT,C3G,Forb,Leg,C4G,Woody
,S016553,Jacksonville,TX,6/19/18,0,6,Jun,97.2,620.7,6.4,-95.4,31.9,1174.88,19,0.06171595,0.029403854,0.064354613,0.720016941,0.124508642
,S018038,Jacksonville,TX,9/24/18,0,9,Sep,113.9,641.2,5.6,-95.3,31.95,1188.11,19,0.046905044,0.046712811,0.021530204,0.846405194,0.038446747
141769,BisonS018903,Jacksonville,TX,4/5/19,1,4,Apr,145.4,641.9,4.41,-95.27,31.96,1191.939941,18.89999962,0.110156073,0.130965844,0.5679145,0.16653472,0.024428863
141770,BisonS018913,Jacksonville,TX,5/6/19,1,5,May,151.8,655.9,4.32,-95.27,31.96,1191.939941,18.89999962,0,0,0,0,0
141771,BisonS018922,Jacksonville,TX,6/4/19,1,6,Jun,119.5,651,5.45,-95.27,31.96,1191.939941,18.89999962,0,0.303456426,0.57565731,0.120886264,0
141772,BisonS018933,Jacksonville,TX,7/7/19,1,7,Jul,132.7,629.8,4.75,-95.27,31.96,1191.939941,18.89999962,0,0,0,0,0
141773,BisonS018942,Jacksonville,TX,8/4/19,1,8,Aug,119.8,615.2,5.14,-95.27,31.96,1191.939941,18.89999962,0,0,0,0,0
141774,BisonS018704,Jacksonville,TX,9/6/19,1,9,Sep,119.8,627.2,5.24,-95.27,31.96,1191.939941,18.89999962,0,0,0,0,0
,S016554,Malta,MT,6/21/18,0,6,Jun,86.7,626.7,7.2,-107.96,48.17,310.46,6.7,0.077666855,0.881713187,0.024277399,0.006673644,0.009668915
,S018027,Malta,MT,9/25/18,0,9,Sep,47.2,594.8,12.6,-108.05,47.86,304.98,7.2,0.249104453,0.376706399,0.35230907,0.021589634,0.000290444
140984,Bison140984,Malta,MT,4/3/19,1,4,Apr,50.1,570.3,11.38,-107.87,48.36,307.8500061,6.510000229,0.02750865,0.829757786,0.142041523,0.000692041,0
140985,Bison140985,Malta,MT,5/1/19,1,5,May,107.5,624.5,5.81,-107.87,48.36,307.8500061,6.510000229,0.294345183,0.687695709,0.008933504,0,0.009025604
140986,BisonS018918,Malta,MT,6/4/19,1,6,Jun,106.5,646.8,6.07,-107.87,48.36,307.8500061,6.510000229,0.15827261,0.798221174,0.035201457,0.004875697,0.003429062
140987,BisonS018928,Malta,MT,7/1/19,1,7,Jul,101.8,652.2,6.41,-107.87,48.36,307.8500061,6.510000229,0.208479952,0.119509969,0.650810201,0.021199879,0
140988,Bison140988,Malta,MT,8/1/19,1,8,Aug,99.6,627.8,6.3,-107.87,48.36,307.8500061,6.510000229,0.025956802,0.181318681,0.788114185,0.004610332,0
140989,BisonS018966,Malta,MT,9/2/19,1,9,Sep,73.5,619.3,8.43,-107.87,48.36,307.8500061,6.510000229,0.01640392,0.074946739,0.907584153,0.001065189,0
,S016547,Syracuse,UT,6/18/18,0,6,Jun,80.7,618.5,7.7,-112.23,41.03,446.96,10.8,0.312045271,0.357649637,0,0.328247619,0.002057472
,S018036,Syracuse,UT,9/24/18,0,9,Sep,21.2,521.7,24.6,-112.12,41.09,433.04,11.4,0.160674514,0.743875282,0.024180717,0.071269487,0
140547,Bison140547,Syracuse,UT,4/8/19,1,4,Apr,139.1,633.7,4.56,-112.06,41.09,454.3599854,11.19999981,0.934594692,0.009067279,0.035422838,0.020915191,0
140548,Bison140548,Syracuse,UT,5/8/19,1,5,May,108,637.3,5.9,-112.06,41.09,454.3599854,11.19999981,0.289100962,0.445959251,0.035673711,0.229266076,0
140549,BisonS018924,Syracuse,UT,6/3/19,1,6,Jun,114,628,5.51,-112.06,41.09,454.3599854,11.19999981,0.193168036,0.361945829,0,0.444886135,0
140550,Bison140550,Syracuse,UT,7/2/19,1,7,Jul,70.1,585.3,8.35,-112.06,41.09,454.3599854,11.19999981,0.542930591,0.398200515,0,0.057583548,0.001285347
140551,BisonS018941,Syracuse,UT,8/6/19,1,8,Aug,49,566.6,11.56,-112.06,41.09,454.3599854,11.19999981,0.274198769,0.317146866,0.005611309,0.397917341,0.005125715
140552,BisonS018701,Syracuse,UT,9/3/19,1,9,Sep,41.8,551.7,13.2,-112.06,41.09,454.3599854,11.19999981,0.33747412,0.360248448,0,0.302277433,0
,S016587,Dadeville,MO,6/25/18,0,6,Jun,94.3,622.3,6.6,-93.69,37.48,1141.34,13.3,0.19095638,0.024249658,0.704281834,0.079711855,0.000800272
,S018037,Dadeville,MO,9/24/18,0,9,Sep,133.1,612,4.6,-93.69,37.48,1141.34,13.3,0.124167828,0.058213347,0.205604581,0.608917789,0.003096455
,S016571,Parkfield,CA,6/23/18,0,6,Jun,58.3,550,9.43,-120.48,35.91,364.59,14.7,0.041778767,0.464581222,0.465787424,0.002332862,0.025519724
,S018031,Parkfield,CA,9/29/18,0,9,Sep,87.4,568.3,6.5,-120.48,35.91,364.59,14.7,0.188807765,0.089265811,0.012876066,0.007676118,0.70137424
,S016579,Goodland,KS,6/22/18,0,6,Jun,67,626,9.3,-101.71,39.35,496.1,10.7,0.096492318,0.809593148,0.004246123,0.076180715,0.013487697
,S018039,Goodland,KS,9/26/18,0,9,Sep,48.1,584.9,12.2,-101.71,39.35,496.1,10.7,0.008974181,0.002278142,0.000138064,0.988609613,0
140996,BisonS018824,Westfield,IA,4/5/19,1,4,Apr,76.9,580.2,7.54,-96.61,42.76,712.75,9.18999958,0.334956963,0.015880429,0.531460599,0.061987056,0.055714953
140997,Bison140997,Westfield,IA,5/7/19,1,5,May,155.6,647,4.16,-96.61,42.76,712.75,9.18999958,0.735361881,0.00214507,0.058552474,0,0.203940574
140998,BisonS018896,Westfield,IA,6/5/19,1,6,Jun,126,647.8,5.14,-96.61,42.76,712.75,9.18999958,0.346047155,0.195988478,0.188040116,0.226715033,0.043209218
140999,BisonS018738,Westfield,IA,7/2/19,1,7,Jul,90,622.6,6.92,-96.61,42.76,712.75,9.18999958,0.687478103,0.025646416,0.244131456,0.039730922,0.003013103
141000,BisonS018813,Westfield,IA,8/2/19,1,8,Aug,92.1,599.8,6.51,-96.61,42.76,712.75,9.18999958,0.283355948,0.014360017,0.660786975,0.038444142,0.003052917
141001,BisonS018709,Westfield,IA,9/4/19,1,9,Sep,74.3,580.3,7.81,-96.61,42.76,712.75,9.18999958,0.252336991,0.016779887,0.643209662,0.085757417,0.001916043
,S018040,Hopkinsville,KY,9/26/18,0,9,Sep,106,599.7,5.7,-87.43,36.93,1282.28,14,0.175686399,0.127757499,0.260752262,0.139501665,0.296302175
141067,BisonS018795,Hopkinsville,KY,4/11/19,1,4,Apr,145.1,650.2,4.48,-87.49,36.87,1300.170044,14.30000019,0.349095155,0.57793345,0.05545826,0.011091652,0.006421483
141068,BisonS018885,Hopkinsville,KY,5/21/19,1,6,Jun,140.3,631.8,4.5,-87.49,36.87,1300.170044,14.30000019,0.227335841,0.314267329,0.37539368,0.04625961,0.03674354
141070,BisonS018757,Hopkinsville,KY,6/15/19,1,6,Jun,149.7,654.2,4.37,-87.49,36.87,1300.170044,14.30000019,0.064231233,0.024755787,0.904857487,0.006155493,0
141071,BisonS018758,Hopkinsville,KY,7/15/19,1,7,Jul,120.8,601.3,4.98,-87.49,36.87,1300.170044,14.30000019,0.153651116,0.043509128,0.787626775,0.01521298,0
141072,BisonS018848,Hopkinsville,KY,8/7/19,1,8,Aug,120.1,609.9,5.08,-87.49,36.87,1300.170044,14.30000019,0.167299803,0.075976293,0.647849872,0.103859597,0.005014435
141073,BisonS018963,Hopkinsville,KY,9/13/19,1,9,Sep,114.8,586.9,5.11,-87.49,36.87,1300.170044,14.30000019,0.230192904,0.413796073,0.113675508,0.238029625,0.00430589
,S016549,Herndon,VA,6/22/18,0,6,Jun,132,616.7,4.7,-77.4,38.97,1071.51,12.9,0.07322961,0.041551693,0.876954332,0.005509622,0.002754743
,S018035,Herndon,VA,9/29/18,0,9,Sep,110.1,600.7,5.5,-77.4,38.97,1071.51,12.9,0.148564926,0.048046528,0.132001516,0.67138703,0
141031,BisonS018790,Herndon,VA,4/5/19,1,4,Apr,103.2,576.1,5.58,-77.39,38.97,1071.969971,12.92000008,0.202354955,0.232926569,0.458402912,0.09051595,0.015799614
141032,BisonS018850,Herndon,VA,5/9/19,1,5,May,135.3,625.4,4.62,-77.39,38.97,1071.969971,12.92000008,0.137355197,0.534978186,0.254776591,0.067699715,0.005190311
141034,BisonS018826,Herndon,VA,6/6/19,1,6,Jun,120.2,605.4,5.04,-77.39,38.97,1071.969971,12.92000008,0.071418805,0.023049793,0.903070571,0.00246083,0
141035,BisonS018897,Herndon,VA,7/5/19,1,7,Jul,129.4,598.5,4.63,-77.39,38.97,1071.969971,12.92000008,0.099184899,0.086229086,0.797425996,0.016302017,0.000858001
141036,BisonS018898,Herndon,VA,9/9/19,1,9,Sep,116.2,609.3,5.24,-77.39,38.97,1071.969971,12.92000008,0.027171731,0.173939233,0.253045107,0.544036942,0.001806987
,S016559,Quitaque,TX,6/20/18,0,6,Jun,87.4,619.8,7.1,-101.06,34.44,570.09,16.3,0.024182433,0.138628944,0.610690068,0.189834799,0.036663756
,S018042,Quitaque,TX,9/27/18,0,9,Sep,53.6,585.7,10.9,-101.05,34.41,568.88,16.1,0.000539433,0.089977338,0.096882108,0.80343077,0.009170352
141195,BisonS018899,Quitaque,TX,4/15/19,1,4,Apr,112.8,619.6,5.49,-101.06,34.37,568.0499878,16.10000038,0.008288199,0.164040703,0.388437551,0.439233547,0
141197,Bison141197,Quitaque,TX,5/8/19,1,5,May,99.5,617.7,6.21,-101.06,34.37,568.0499878,16.10000038,0.004672169,0.065488241,0.883351503,0.046488087,0
141199,BisonS018797,Quitaque,TX,6/10/19,1,6,Jun,78.4,599.3,7.64,-101.06,34.37,568.0499878,16.10000038,0.053714978,0.184891193,0.310753087,0.449598061,0.001042682
141200,BisonS018922,Quitaque,TX,7/1/19,1,7,Jul,51.6,585.5,11.35,-101.06,34.37,568.0499878,16.10000038,0,0.303456426,0.57565731,0.120886264,0
141201,BisonS018893,Quitaque,TX,8/8/19,1,8,Aug,78.2,587.5,7.51,-101.06,34.37,568.0499878,16.10000038,0.010307477,0.135220125,0.760569532,0.093902866,0
141202,Bison141202,Quitaque,TX,9/3/19,1,9,Sep,74.8,586,7.83,-101.06,34.37,568.0499878,16.10000038,0,0.016292542,0.980388607,0.003318851,0
,S016538,East Bethel,MN,6/25/18,0,6,Jun,100.3,639.7,6.4,-93.2,45.4,795.9,6.7,0.162849022,0.088463301,0.325161181,0.355106259,0.068420237
141964,BisonS018752,Bethel,MN,6/7/19,1,6,Jun,126,644,5.11,-93.2,45.4,660,6.8,0.008392029,0.09111344,0.642289824,0.196912934,0.061291773
141965,BisonS018912,Bethel,MN,7/8/19,1,7,Jul,110,622,5.65,-93.2,45.4,660,6.8,0.069288573,0.230896848,0.099736508,0.565336195,0.034741875
141967,BisonS018984,Bethel,MN,8/7/19,1,8,Aug,83,571,6.88,-93.2,45.4,660,6.8,0.282004234,0.250105858,0.38743825,0.067889909,0.012561749
141968,BisonS018955,Bethel,MN,9/5/19,1,9,Sep,69,540,7.83,-93.2,45.4,660,6.8,0.21084178,0.568708682,0.061789335,0.129131776,0.029528427
,S016566,Sargent,NE,6/18/18,0,6,Jun,87.6,622.7,7.1,-99.31,41.66,640.57,9.1,0.324973756,0.136739232,0.501047274,0.036475927,0.000763811
,S018033,Sargent,NE,9/25/18,0,9,Sep,74.8,562.7,7.5,-99.31,41.66,640.57,9.1,0.157937148,0.031886727,0.704040519,0.105329804,0.000805802
,S018029,Sargent,NE,9/26/18,0,9,Sep,49.8,547.3,11,-99.31,41.66,640.57,9.1,0.729150385,0.004819741,0.194939334,0.07005775,0.00103279
141241,BisonS019154,Sargent,NE,4/10/19,1,4,Apr,53.8,553,10.28,-99.37,41.64,637.4899902,9.270000458,0.333650679,0.338777005,0.212742584,0.101354815,0.013474918
141243,BisonS019155,Sargent,NE,5/3/19,1,5,May,127.8,652.7,5.11,-99.37,41.64,637.4899902,9.270000458,0.759737997,0.171416627,0.054630339,0.010347711,0.003867327
141245,BisonS019156,Sargent,NE,6/8/19,1,6,Jun,129,657.6,5.1,-99.37,41.64,637.4899902,9.270000458,0.667561848,0.214518229,0.077392578,0.034261069,0.006266276
141246,BisonS019157,Sargent,NE,7/2/19,1,7,Jul,94.7,594.5,6.28,-99.37,41.64,637.4899902,9.270000458,0.506171095,0.164546824,0.240390052,0.078575467,0.010316562
141247,BisonS019158,Sargent,NE,8/1/19,1,8,Aug,84.7,582.8,6.88,-99.37,41.64,637.4899902,9.270000458,0.599805458,0.067526748,0.274305024,0.047355757,0.011007014
141248,BisonS018967,Sargent,NE,9/2/19,1,9,Sep,88.7,591.1,6.66,-99.37,41.64,637.4899902,9.270000458,0.668918038,0.130811798,0.080831409,0.112728223,0.006710532
,S016552,Scenic,SD,6/19/18,0,6,Jun,78.6,642.4,8.2,-102.55,43.78,452.7,8.8,0.402955385,0.510790503,0.006941528,0.043230149,0.036082434
,S018026,Scenic,SD,9/25/18,0,9,Sep,28.3,578,20.4,-102.4,43.72,453.68,8.9,0.065645196,0.033845963,0.408038929,0.492364933,0.00010498
140497,BisonS018800,Scenic,SD,4/5/19,1,4,Apr,45.4,576.3,12.69,-102.56,43.78,452.8500061,8.81000042,0.022280309,0.032424695,0.630383371,0.314911625,0
140498,BisonS018825,Scenic,SD,5/8/19,1,5,May,97.6,623.4,6.39,-102.56,43.78,452.8500061,8.81000042,0.453007867,0.354129236,0.035004027,0.157858869,0
140499,BisonS018782,Scenic,SD,6/3/19,1,6,Jun,110.5,638,5.77,-102.56,43.78,452.8500061,8.81000042,0.401781039,0.509167101,0.077841802,0.009533788,0.00167627
140500,BisonS018773,Scenic,SD,7/2/19,1,7,Jul,134.9,684,5.07,-102.56,43.78,452.8500061,8.81000042,0.058170474,0.65428021,0.275346362,0.003211304,0.008991651
140501,BisonS018794,Scenic,SD,8/8/19,1,8,Aug,107.2,634.8,5.92,-102.56,43.78,452.8500061,8.81000042,0.005523946,0.017013755,0.965475335,0.011986964,0
140502,BisonS018962,Scenic,SD,9/4/19,1,9,Sep,106.4,610,5.73,-102.56,43.78,452.8500061,8.81000042,0.000934882,0.105713566,0.890187337,0.003164215,0
,S016543,Wood River,NE,6/18/18,0,6,Jun,115.8,676.8,5.8,-98.46,40.79,703.85,10.4,0.121314722,0.041298526,0.561546481,0.275610886,0.000229386
,S018008,Wood River,NE,9/24/18,0,9,Sep,54.6,541.4,9.9,-98.46,40.79,703.85,10.4,0.117729789,0.296032155,0.552586662,0.033350038,0.000301356
140507,BisonS018904,Center,ND,4/4/19,1,4,Apr,63.3,594.6,9.39,-101.3,47.12,448,5.699999809,0.41752988,0.292001226,0.249341098,0.041127796,0
140508,BisonS018741,Center,ND,5/5/19,1,5,May,106.1,645.3,6.08,-101.3,47.12,448,5.699999809,0.639728483,0.023373463,0.317943135,0.005186988,0.013767931
140509,BisonS018737,Center,ND,6/8/19,1,6,Jun,88.6,603.1,6.81,-101.3,47.12,448,5.699999809,0.593104339,0.328318699,0.05036157,0.01594783,0.012267561
140510,BisonS018973,Center,ND,7/8/19,1,7,Jul,92.2,618.4,6.71,-101.3,47.12,448,5.699999809,0.454221576,0.112817958,0.417866994,0.015093472,0
140511,BisonS018759,Center,ND,8/6/19,1,8,Aug,69.9,590.5,8.45,-101.3,47.12,448,5.699999809,0.314706476,0.02935243,0.651452493,0.004488602,0
140512,Bison140512,Center,ND,9/4/19,1,9,Sep,61.2,585.4,9.57,-101.3,47.12,448,5.699999809,0.537839215,0.035227418,0.425977831,0.000955536,0
,S016550,Choteau,MT,6/21/18,0,6,Jun,77.7,613.1,7.9,-112.56,47.77,443.13,5.1,0.632240647,0.106534791,0.0000424,0.094782479,0.166399698
,S018003,Choteau,MT,9/24/18,0,9,Sep,67.9,607.1,8.9,-112.56,47.77,443.13,5.1,0.764731624,0.172403733,0.023774795,0.035589265,0.003500584
140525,BisonS018849,Choteau,MT,4/9/19,1,4,Apr,56.7,597.3,10.53,-112.18,47.81,280.1799927,6.809999943,0.509118874,0.279718743,0.074928587,0,0.136233795
140526,BisonS018991,Choteau,MT,5/5/19,1,5,May,63,617.7,9.8,-112.18,47.81,280.1799927,6.809999943,0.480624233,0.134724414,0.325793442,0.058857911,0
140527,BisonS018982,Choteau,MT,6/5/19,1,6,Jun,86,611.9,7.12,-112.18,47.81,280.1799927,6.809999943,0.738165741,0.152020687,0.05813905,0,0.051674521
140528,Bison140528,Choteau,MT,7/2/19,1,7,Jul,80.2,592.5,7.39,-112.18,47.81,280.1799927,6.809999943,0.674598784,0.05334809,0.049252906,0.01306032,0.2097399
140529,BisonS018833,Choteau,MT,8/8/19,1,8,Aug,97.6,605.6,6.2,-112.18,47.81,280.1799927,6.809999943,0.142818233,0.005345044,0.851836722,0,0
140530,BisonS018953,Choteau,MT,9/5/19,1,9,Sep,73.4,588.8,8.02,-112.18,47.81,280.1799927,6.809999943,0.15920398,0.001554728,0.838567577,0,0.000673715
,S016560,NA,NA,6/22/18,0,6,Jun,92.9,618.1,6.7,-114.85,47.46,448.74,7.9,0.626107276,0.329146863,0.010785384,0.009181394,0.024779083
,S016545,Gillette,WY,6/21/18,0,6,Jun,82.2,621.9,7.6,-105.47,43.81,318.98,7.4,0.753361599,0.161599031,0.063113264,0.012235009,0.009691096
141223,BisonS018740,Gillette,WY,4/8/19,1,4,Apr,54.5,601.6,11.04,-105.5,44.29,379.1600037,7.389999867,0.452415896,0.265042899,0.070529465,0.21201174,0
141226,BisonS018796,Gillette,WY,5/8/19,1,5,May,81,641,7.91,-105.5,44.29,379.1600037,7.389999867,0.535630234,0.326517226,0.13785254,0,0
141228,Bison141228,Gillette,WY,6/6/19,1,6,Jun,111.6,652.5,5.85,-105.5,44.29,379.1600037,7.389999867,0.885615536,0.033355278,0.081029186,0,0
141229,BisonS018852,Gillette,WY,7/8/19,1,7,Jul,69.2,592.3,8.56,-105.5,44.29,379.1600037,7.389999867,0.668154092,0.239734719,0.042002702,0.050108487,0
141230,BisonS018799,Gillette,WY,8/8/19,1,8,Aug,53,588.4,11.1,-105.5,44.29,379.1600037,7.389999867,0.580113726,0.244991231,0.045703354,0.127437955,0.001753734
141231,BisonS018947,Gillette,WY,9/8/19,1,9,Sep,51.9,589.9,11.37,-105.5,44.29,379.1600037,7.389999867,0.335367448,0.021837678,0.371371283,0.271423591,0
,S016586,Brookings,SD,6/21/18,0,6,Jun,81.9,595.9,7.3,-96.78,44.29,632.1,6.5,0.068199762,0.051730112,0.682364227,0.197485942,0.000219957
,S018011,Brookings,SD,10/2/18,0,10,Oct,92.4,595.8,6.45,-96.78,44.29,632.1,6.5,0.432806479,0.029153484,0.433368475,0.064348414,0.040323148
,S016580,Noel,MO,6/20/18,0,6,Jun,122.3,637.8,5.2,-94.34,36.51,1172.75,14.2,0.139885482,0.695498801,0.02210748,0.081500829,0.061007409
,S018006,Noel,MO,9/26/18,0,9,Sep,103.7,557.6,5.4,-94.34,36.51,1172.75,14.2,0.003943137,0.253917196,0.007367369,0.722112756,0.012659542
141255,BisonS018785,Noel,MO,4/8/19,1,4,Apr,89.6,546.7,6.1,-94.49,36.55,1145.689941,14.68999958,0.161100992,0.179012348,0.586217363,0.073669298,0
141256,BisonS018791,Noel,MO,5/5/19,1,5,May,145.1,640.5,4.41,-94.49,36.55,1145.689941,14.68999958,0.04823244,0.917975971,0.010743993,0.020794824,0.002252773
141257,BisonS018802,Noel,MO,6/8/19,1,6,Jun,126.9,625.9,4.93,-94.49,36.55,1145.689941,14.68999958,0.353742085,0.285447924,0.168198768,0.187971555,0.004639667
141258,BisonS018812,Noel,MO,7/7/19,1,7,Jul,117.6,617.7,5.25,-94.49,36.55,1145.689941,14.68999958,0.186884396,0.191809229,0.163815448,0.424053914,0.033437013
141259,BisonS018878,Noel,MO,8/4/19,1,8,Aug,93.6,596.8,6.38,-94.49,36.55,1145.689941,14.68999958,0.099090601,0.073619863,0.325799027,0.49843402,0.003056489
141260,BisonS018715,Noel,MO,9/7/19,1,9,Sep,95.4,601.9,6.31,-94.49,36.55,1145.689941,14.68999958,0.008849557,0.449714663,0.092465471,0.438011744,0.010958565
141008,BisonS018819,Gallatin Gateway,MT,4/8/19,1,4,Apr,52.3,600.8,11.49,-111.2,45.59,445.980011,6.550000191,0.130800961,0.790993471,0.078205567,0,0
141009,BisonS018835,Gallatin Gateway,MT,5/6/19,1,5,May,62,610,9.84,-111.2,45.59,445.980011,6.550000191,0.766371098,0.185747127,0.024367817,0.023513958,0
141010,BisonS018821,Gallatin Gateway,MT,6/3/19,1,6,Jun,108.2,653.3,6.04,-111.2,45.59,445.980011,6.550000191,0.7409518,0.232643119,0.026405081,0,0
141011,BisonS018793,Gallatin Gateway,MT,7/7/19,1,7,Jul,96.3,629.3,6.53,-111.2,45.59,445.980011,6.550000191,0.593199508,0.387546087,0.013382494,0,0.005871911
141012,BisonS018729,Gallatin Gateway,MT,8/5/19,1,8,Aug,68.7,589.8,8.59,-111.2,45.59,445.980011,6.550000191,0.172901082,0.011118038,0.815565253,0,0.000415628
141013,BisonS018939,Gallatin Gateway,MT,9/6/19,1,9,Sep,53,574.3,10.84,-111.2,45.59,445.980011,6.550000191,0.263285947,0.023661864,0.71190726,0.001144929,0
141151,BisonS018859,Sulphur Springs,TX,4/1/19,1,4,Apr,121.1,620.5,5.12,-95.6,33.14,1157.709961,17.79999924,0.074739661,0.524843797,0.068372508,0.058851532,0.273192502
141155,BisonS018870,Sulphur Springs,TX,5/5/19,1,5,May,94.8,637.9,6.73,-95.6,33.14,1157.709961,17.79999924,0.189112119,0.203694102,0.492611797,0.058263124,0.056318859
141157,BisonS018866,Sulphur Springs,TX,6/3/19,1,6,Jun,110.3,600.9,5.45,-95.6,33.14,1157.709961,17.79999924,0.065157459,0.002491782,0.919414699,0.008217579,0.004718481
141160,BisonS018842,Sulphur Springs,TX,6/4/19,1,6,Jun,82.9,586.7,7.08,-95.6,33.14,1157.709961,17.79999924,0.298424209,0.117766002,0.461302467,0.110096222,0.012411101
141161,BisonS018883,Sulphur Springs,TX,8/5/19,1,8,Aug,93.9,593.7,6.32,-95.6,33.14,1157.709961,17.79999924,0.027393769,0.031598395,0.838504172,0.100082818,0.002420846
141162,BisonS018714,Sulphur Springs,TX,9/3/19,1,9,Sep,67.9,563.7,8.3,-95.6,33.14,1157.709961,17.79999924,0.038025735,0.079988477,0.516708277,0.322738622,0.042538889
141014,Bison141014,Pontiac,IL,4/7/19,1,4,Apr,84.2,602,7.15,-88.63,40.88,922.9199829,10.31000042,0.938494225,0.001252996,0.060252778,0,0
141015,BisonS018771,Pontiac,IL,5/3/19,1,5,May,90.1,591.7,6.57,-88.63,40.88,922.9199829,10.31000042,0.949213264,0,0.050786736,0,0
141017,BisonS018831,Pontiac,IL,6/4/19,1,6,Jun,117.6,629.4,5.35,-88.63,40.88,922.9199829,10.31000042,0.946569471,0.007850363,0.042736412,0,0.002843754
141018,Bison141018,Pontiac,IL,7/2/19,1,7,Jul,133.3,628.3,4.71,-88.63,40.88,922.9199829,10.31000042,0.01407735,0.000711491,0.98521116,0,0
141019,BisonS018779,Pontiac,IL,8/2/19,1,8,Aug,121.5,605.3,4.98,-88.63,40.88,922.9199829,10.31000042,0.008559739,0,0.991232866,0.000207395,0
141020,Bison141020,Pontiac,IL,9/2/19,1,9,Sep,102.4,609.7,5.95,-88.63,40.88,922.9199829,10.31000042,0.056756075,0.000756748,0.942487177,0,0
,S016555,Fredericksburg,IA,6/27/18,0,6,Jun,136,614.7,4.5,-92.27,42.94,924.29,8.1,0.327169736,0.122859562,0.479067646,0.007813009,0.063090047
,S018013,Fredericksburg,IA,9/25/18,0,9,Sep,127.4,617.3,4.8,-92.27,42.94,924.29,8.1,0.11795733,0.74298732,0.03092782,0.093502745,0.014624785
141203,BisonS018990,Fredericksburg,IA,4/10/19,1,4,Apr,102.5,577,5.63,-92.2,42.97,922.9199829,8,0.457013085,0.219206231,0.316318805,0,0.007461879
141204,Bison141204,Fredericksburg,IA,5/7/19,1,5,May,157.2,631.4,4.02,-92.2,42.97,922.9199829,8,0.127804441,0.174238197,0.105815382,0.581984597,0.010157384
141205,Bison141205,Fredericksburg,IA,7/8/19,1,7,Jul,140.5,621.1,4.42,-92.2,42.97,922.9199829,8,0.035978156,0.021843881,0.927923224,0.001566014,0.012688725
141206,BisonS018974,Fredericksburg,IA,8/7/19,1,8,Aug,129.3,618,4.78,-92.2,42.97,922.9199829,8,0.337060414,0.193282237,0.203110911,0.13638413,0.130162308
141207,BisonS018998,Fredericksburg,IA,9/6/19,1,9,Sep,167.6,662,3.95,-92.2,42.97,922.9199829,8,0.204638309,0.46875751,0.155251141,0.161139149,0.010213891
,S016573,Augusta,KS,6/20/18,0,6,Jun,89.6,613.7,6.8,-96.97,37.71,954.83,13.8,0.079206214,0.036640783,0.808800688,0.067529479,0.007822836
,S018015,Augusta,KS,9/27/18,0,9,Sep,76,572.5,7.5,-96.97,37.71,954.83,13.8,0.033555819,0,0.228581914,0.734204958,0.003657309
140566,BisonS018755,Augusta,KS,4/8/19,1,4,Apr,65.6,533.2,8.13,-96.98,37.69,956.5100098,13.94999981,0.220671338,0.246722424,0.307414104,0.21863698,0.006555154
140567,BisonS018860,Augusta,KS,5/8/19,1,5,May,114.2,613,5.37,-96.98,37.69,956.5100098,13.94999981,0.43070018,0.155745063,0.251391382,0.162163375,0
140568,BisonS018846,Augusta,KS,6/5/19,1,6,Jun,105.9,608.8,5.75,-96.98,37.69,956.5100098,13.94999981,0.271831172,0.52130193,0.062516542,0.144350356,0
140569,BisonS018892,Augusta,KS,7/6/19,1,7,Jul,71.3,589.9,8.27,-96.98,37.69,956.5100098,13.94999981,0.334492908,0.095218981,0.374007672,0.196280439,0
140570,BisonS018868,Augusta,KS,8/5/19,1,8,Aug,62.6,567.9,9.07,-96.98,37.69,956.5100098,13.94999981,0.147792333,0.11023775,0.320524018,0.4214459,0
140571,BisonS018712,Augusta,KS,9/4/19,1,9,Sep,79.4,563.7,7.1,-96.98,37.69,956.5100098,13.94999981,0.053305947,0.215864631,0.257726918,0.473102503,0
141024,BisonS019165,Mountain grove,MO,4/9/19,1,4,Apr,151.4,642.5,4.24,-92.26,37.13,1169.660034,12.76000023,0.395584832,0.227790636,0.241855082,0.120526971,0.014242479
141025,BisonS019166,Mountain grove,MO,5/8/19,1,5,May,131.2,622.7,4.75,-92.26,37.13,1169.660034,12.76000023,0.171398481,0.738294792,0.042608277,0,0.04769845
141026,BisonS019167,Mountain grove,MO,6/3/19,1,6,Jun,157.6,666.6,4.23,-92.26,37.13,1169.660034,12.76000023,0.082722946,0.023255813,0.887657938,0.00320454,0.003158763
141027,BisonS019168,Mountain grove,MO,7/8/19,1,7,Jul,132.1,634.4,4.8,-92.26,37.13,1169.660034,12.76000023,0.019074797,0.005206769,0.963552618,0.012165816,0
141028,BisonS019169,Mountain grove,MO,8/4/19,1,8,Aug,157.4,665.7,4.23,-92.26,37.13,1169.660034,12.76000023,0.002475643,0,0.996566044,0.000958313,0
141029,BisonS019170,Mountain grove,MO,9/9/19,1,9,Sep,115.5,614,5.32,-92.26,37.13,1169.660034,12.76000023,0.025990425,0.13731783,0.74383122,0.092860525,0
,S016533,Perkins,OK,6/22/18,0,6,Jun,111.1,637.8,5.7,-97.02,35.93,953,15.8,0.867137657,0.006587975,0.043244624,0.076405034,0.006624709
,S016564,Waco,TX,6/20/18,0,6,Jun,72.7,585.2,8,-97.11,31.45,907.18,19.3,0.077779573,0.035312193,0.845441976,0.041156772,0.000309485
,S018030,Waco,TX,9/26/18,0,9,Sep,101.4,618.4,6.1,-97.11,31.45,907.18,19.3,0.317136886,0.182079415,0.235632183,0.213427378,0.051724138
,S016544,Morocco,IN,6/22/18,0,6,Jun,117.5,632.1,5.4,-87.45,41.05,972.88,10.2,0.254281951,0.023386033,0.00461133,0.047760212,0.669960475
,S017993,Morocco,IN,9/28/18,0,9,Sep,68.3,557.9,8.2,-87.45,41.05,972.88,10.2,0.206438069,0.112841148,0.072253324,0.199265221,0.409202239
143073,S018869K,Morocco,IN,4/8/19,1,4,Apr,80.2,537.4,6.7,-87.45,41.05,969.3300171,10.27000046,0.177237355,0.385214008,0,0.032879377,0.40466926
143075,S018880K,Morocco,IN,5/6/19,1,5,May,119.5,593.1,4.96,-87.45,41.05,969.3300171,10.27000046,0.061279749,0.032492519,0.010973351,0.030354853,0.864899529
143078,S018881K,Morocco,IN,6/8/19,1,6,Jun,122.1,625.1,5.12,-87.45,41.05,969.3300171,10.27000046,0.237138349,0.479431878,0.036191478,0.119831667,0.127406628
143081,S018723K,Morocco,IN,7/8/19,1,7,Jul,111.3,632,5.68,-87.45,41.05,969.3300171,10.27000046,0.102195869,0.136199388,0.68581488,0.050310386,0.025479477
143084,S018899K,Morocco,IN,8/8/19,1,8,Aug,111.2,619,5.57,-87.45,41.05,969.3300171,10.27000046,0.26106059,0.350771432,0.089302135,0.135690201,0.163175641
143088,S018992K,Morocco,IN,9/6/19,1,9,Sep,112,561.5,5.01,-87.45,41.05,969.3300171,10.27000046,0.004426814,0.583304588,0,0.098712199,0.313556399
141169,Bison141169,Weston,WY,4/4/19,1,4,Apr,49.1,594.4,12.11,-105.34,44.64,347.8299866,7.659999847,0.208359216,0.397107108,0.342532611,0.052001065,0
141170,BisonS018919,Weston,WY,6/7/19,1,6,Jun,121,661.3,5.47,-105.34,44.64,347.8299866,7.659999847,0.224906915,0.475164384,0.101639863,0.052047848,0.146240989
141171,BisonS018927,Weston,WY,7/7/19,1,7,Jul,98.4,620.7,6.31,-105.34,44.64,347.8299866,7.659999847,0.138545953,0.489346137,0.346319159,0.020941928,0.004846823
141172,Bison141172,Weston,WY,8/7/19,1,8,Aug,73.8,597.5,8.1,-105.34,44.64,347.8299866,7.659999847,0.004400163,0.00591746,0.989682377,0,0
141173,BisonS018956,Weston,WY,9/1/19,1,9,Sep,64.2,579.4,9.02,-105.34,44.64,347.8299866,7.659999847,0.033834358,0.31588876,0.646808254,0.003468629,0
,S016568,Weston,WY,6/19/18,0,6,Jun,97.7,604.2,6.2,-105.25,44.68,375.7,7.5,0.151951686,0.510972685,0.328034644,0.006707876,0.002333109
,S016569,Sewanee,TN,6/18/18,0,6,Jun,90.9,568,6.2,-85.87,35.2,1566.2,13.7,0.426082086,0.104489008,0.314557314,0.154426965,0.000444627
,S017992,Sewanee,TN,9/24/18,0,9,Sep,95.2,592.1,6.2,-85.87,35.2,1566.2,13.7,0.337765958,0.302698976,0.118991332,0.240248226,0.000295508
140990,BisonS018834,Sewanee,TN,4/7/19,1,4,Apr,126,625.4,4.96,-85.92,35.2,1547.650024,13.80000019,0.34115579,0.037925732,0.243067458,0.232388485,0.145462535
140991,BisonS018986,Sewanee,TN,5/6/19,1,5,May,131,608,4.64,-85.92,35.2,1547.650024,13.80000019,0.098692303,0.058101896,0.58535638,0.048585485,0.209263935
140992,BisonS018931,Sewanee,TN,6/4/19,1,6,Jun,117,609,5.21,-85.92,35.2,1547.650024,13.80000019,0.015569833,0,0.976847831,0.005672282,0.001910053
140993,BisonS018887,Sewanee,TN,7/5/19,1,7,Jul,121,609.6,5.04,-85.92,35.2,1547.650024,13.80000019,0.21951438,0.075889259,0.562942388,0.137711674,0.0039423
140994,BisonS018838,Sewanee,TN,8/6/19,1,8,Aug,106.2,592.2,5.58,-85.92,35.2,1547.650024,13.80000019,0.1808505,0.164009955,0.527352646,0.085897369,0.04188953
140995,BisonS018948,Sewanee,TN,9/5/19,1,9,Sep,94,596,6.34,-85.92,35.2,1547.650024,13.80000019,0.33635211,0.062488679,0.50249049,0.095589569,0.003079153
141055,BisonS018879,Canton,KS,4/28/19,1,5,May,87.7,611.6,6.97,-97.43,38.39,829.5800171,13.14000034,0.178565438,0.362050653,0.146586906,0.285626432,0.027170571
141056,Bison141056,Canton,KS,5/9/19,1,5,May,98.6,618,6.27,-97.43,38.39,829.5800171,13.14000034,0.113135403,0.146573699,0.297121007,0.421877344,0.021292547
141057,BisonS018861,Canton,KS,6/4/19,1,6,Jun,103.4,630.1,6.09,-97.43,38.39,829.5800171,13.14000034,0.114372439,0.629169828,0.179936258,0.076521475,0
141060,BisonS018778,Canton,KS,7/5/19,1,7,Jul,82.4,613.6,7.45,-97.43,38.39,829.5800171,13.14000034,0.042395087,0.190928224,0.602508482,0.155964091,0.008204116
141062,BisonS018888,Canton,KS,8/9/19,1,8,Aug,65.3,584.8,8.96,-97.43,38.39,829.5800171,13.14000034,0.085194091,0.124527653,0.533236002,0.250944693,0.006097561
141064,BisonS018713,Canton,KS,9/9/19,1,9,Sep,51.4,563,10.95,-97.43,38.39,829.5800171,13.14000034,0.002556074,0.557543613,0.003258995,0.436641318,0
,S016536,Gordon,NE,6/18/18,0,6,Jun,71.6,616.5,8.6,-102.2,42.8,473.27,8.4,0.59100161,0.158428333,0.190960907,0.056921843,0.002687308
,S016575,Gordon,NE,6/18/18,0,6,Jun,84.2,597.7,7.1,-102.2,42.8,473.27,8.4,0.790897605,0.145855947,0.034925807,0.023887055,0.004433586
141037,BisonS018765,Gordon,NE,4/15/19,1,4,Apr,51.4,563.6,10.96,-102.2,42.8,474.1000061,8.420000076,0.205144388,0.096733469,0.539424546,0.137131136,0.021566461
141038,BisonS018976,Gordon,NE,5/15/19,1,5,May,63.7,602.7,9.46,-102.2,42.8,474.1000061,8.420000076,0.462630608,0.404671174,0.095267363,0,0.037430855
141040,Bison141040,Gordon,NE,6/15/19,1,6,Jun,97.1,638.9,6.58,-102.2,42.8,474.1000061,8.420000076,0.270416217,0.547644762,0.069037136,0.092963363,0.019938523
141042,BisonS018902,Gordon,NE,7/15/19,1,7,Jul,67.8,583.7,8.61,-102.2,42.8,474.1000061,8.420000076,0.332106825,0.189139466,0.45916914,0.018456973,0.001127596
141043,BisonS018774,Gordon,NE,8/15/19,1,8,Aug,73.3,616.9,8.42,-102.2,42.8,474.1000061,8.420000076,0.238072693,0.542580612,0.064225975,0.15512072,0
141044,Bison141044,Gordon,NE,9/15/19,1,9,Sep,57.8,584.8,10.12,-102.2,42.8,474.1000061,8.420000076,0.012404749,0.011297184,0.962564238,0.01373383,0
,S017983,Gordon,NE,9/27/18,0,9,Sep,45.6,583.8,12.8,-102.2,42.81,474.1,8.4,0.062599553,0.270946161,0.596846129,0.069608157,0
,S016581,Wilmington,IL,9/17/18,0,9,Sep,135,598.7,4.4,-88.13,41.34,946.25,10,0.068583096,0.066759111,0.846417607,0.017802421,0.000437764
140531,BisonS018980,Wilmington,IL,4/5/19,1,4,Apr,89.5,546.6,6.11,-88.15,41.31,945.4799805,9.93999958,0.294774362,0.027910418,0.663797162,0,0.013518058
140532,BisonS018890,Wilmington,IL,6/7/19,1,6,Jun,145.1,659.7,4.55,-88.15,41.31,945.4799805,9.93999958,0.073156385,0.474965075,0.445040807,0,0.006837733
140533,BisonS018978,Wilmington,IL,7/3/19,1,7,Jul,120.7,619.8,5.14,-88.15,41.31,945.4799805,9.93999958,0.269192914,0.009744093,0.721062992,0,0
140534,BisonS018818,Wilmington,IL,8/5/19,1,8,Aug,111.9,579.7,5.18,-88.15,41.31,945.4799805,9.93999958,0.052155357,0.004780197,0.94221084,0,0.000853606
140535,BisonS018954,Wilmington,IL,9/4/19,1,9,Sep,135.3,604,4.46,-88.15,41.31,945.4799805,9.93999958,0.330420787,0.024258451,0.640492065,0.004828697,0
,S016557,Kenefic,OK,7/9/18,0,7,Jul,87.2,613.9,7.04,-96.41,34.26,1085.46,16.7,0.030431373,0.04517647,0.584313725,0.340078432,0
,S017987,Kenefic,OK,9/23/18,0,9,Sep,55.5,547.4,9.9,-96.41,34.26,1085.46,16.7,0.025874398,0.417500976,0.142764271,0.412040046,0.001820309
141208,BisonS018775,Atoka,OK,4/1/19,1,4,Apr,131,625,4.77,-96.36,34.15,1098.670044,16.87999916,0.301974665,0.375465723,0.095566319,0.186195976,0.040797318
141209,BisonS018895,Atoka,OK,5/1/19,1,5,May,141,627,4.45,-96.36,34.15,1098.670044,16.87999916,0.015157329,0.373944743,0.566721029,0.032569072,0.011607828
141210,BisonS018987,Atoka,OK,6/1/19,1,6,Jun,115.7,609.9,5.27,-96.36,34.15,1098.670044,16.87999916,0,0.08101706,0.914755181,0.00422776,0
141211,BisonS018748,Atoka,OK,7/1/19,1,7,Jul,77,568,7.38,-96.36,34.15,1098.670044,16.87999916,0.002779214,0.02216908,0.961995864,0.013055842,0
141212,BisonS018784,Atoka,OK,8/1/19,1,8,Aug,60,535,8.92,-96.36,34.15,1098.670044,16.87999916,0.002289417,0.058228941,0.857321815,0.082159828,0
141213,BisonS018959,Atoka,OK,9/1/19,1,9,Sep,78.7,591.6,7.52,-96.36,34.15,1098.670044,16.87999916,0.013325961,0.020624827,0.813657728,0.15034559,0.002045895
,S016534,Jamestown,ND,7/18/18,0,7,Jul,57,590.1,10.35,-98.71,46.91,496.4,5.3,0.34822317,0.013681593,0.560945274,0.04925373,0.027896233
,S016542,Jamestown,ND,7/18/18,0,7,Jul,64.6,594.6,9.2,-98.71,46.91,496.4,5.3,0.533978072,0.062577575,0.342573439,0.053371949,0.007498965
,S017988,Jamestown,ND,9/27/18,0,9,Sep,78,582.4,7.5,-98.7,46.89,496.4,5.3,0.753747296,0.008427159,0.060786123,0.056019888,0.121019534
141002,BisonS018894,Jamestown,ND,4/22/19,1,5,May,57.4,570.2,9.93,-98.71,46.91,494.6300049,5.329999924,0.749031564,0.011477761,0.148923959,0.080738882,0.009827834
141003,BisonS018845,Jamestown,ND,5/7/19,1,5,May,79,602.5,7.63,-98.71,46.91,494.6300049,5.329999924,0.761889019,0.209841846,0.006447346,0.021821789,0
141004,BisonS018851,Jamestown,ND,6/1/19,1,6,Jun,95.1,618.5,6.5,-98.71,46.91,494.6300049,5.329999924,0.934746817,0.057583424,0.007669759,0,0
141005,BisonS018882,Jamestown,ND,7/5/19,1,7,Jul,81.8,604,7.38,-98.71,46.91,494.6300049,5.329999924,0.632710358,0.113937312,0.253352329,0,0
141006,BisonS018828,Jamestown,ND,8/2/19,1,8,Aug,83.6,594.6,7.11,-98.71,46.91,494.6300049,5.329999924,0.143765066,0.010957704,0.841168091,0.004109139,0
141007,BisonS018708,Jamestown,ND,9/4/19,1,9,Sep,72.7,587.6,8.08,-98.71,46.91,494.6300049,5.329999924,0.380990071,0.001870773,0.613613469,0.003525687,0
,S016535,Westville,IN,6/23/18,0,6,Jun,110.4,615.1,5.6,-86.9,41.54,1006.63,9.8,0.294321368,0.127045968,0.557793191,0.019797258,0.001042215
,S017990,Westville,IN,9/25/18,0,9,Sep,147.4,642.2,4.4,-86.9,41.54,1006.63,9.8,0.177914959,0.047582717,0.667475899,0.107026425,0
,S016578,Rice Lake,WI,6/25/18,0,6,Jun,113.9,637.5,5.6,-91.75,45.61,819.43,5.6,0.49937537,0.185022028,0.242882502,0.019725163,0.052994936
,S017996,Rice Lake,WI,9/27/18,0,9,Sep,121,647.7,5.4,-91.75,45.61,819.43,5.6,0.757766258,0.169008851,0.026349848,0.044193831,0.002681212
140503,BisonS018839,Rice Lake,WI,4/8/19,1,4,Apr,80.9,557.1,6.89,-91.74,45.51,805.0900269,6.090000153,0.170894899,0.025880494,0.803224607,0,0
140504,BisonS018971,Rice Lake,WI,5/3/19,1,5,May,103.8,586.7,5.65,-91.74,45.51,805.0900269,6.090000153,0.070325638,0.002828313,0.926502065,0.000343984,0
140505,BisonS018722,Rice Lake,WI,6/4/19,1,6,Jun,155.1,683,4.4,-91.74,45.51,805.0900269,6.090000153,0.312209612,0.422347476,0.118059258,0.018051641,0.129332013
140506,BisonS018706,Rice Lake,WI,9/9/19,1,9,Sep,100.9,608.5,6.03,-91.74,45.51,805.0900269,6.090000153,0.391038461,0.003846154,0.605115386,0,0
,S018043,Pineville,MO,9/24/18,0,9,Sep,126.6,628.4,5,-94.28,36.53,1165.89,14.2,0.456022522,0.009604274,0.060008664,0.432842277,0.041522264
,S018044,Pineville,MO,9/24/18,0,9,Sep,151.6,640.3,4.2,-94.28,36.53,1165.89,14.2,0.466570262,0.037853008,0.029346717,0.456788025,0.009441988
,S016574,Cedar Point,KS,6/22/18,0,6,Jun,75.6,604.9,8,-96.79,38.22,884.38,13,0.148783285,0.108005643,0.614089226,0.126344559,0.002777288
,S017991,Cedar Point,KS,10/7/18,0,10,Oct,69,557.5,8.08,-96.79,38.22,884.38,13,0.152462676,0.033000638,0.747215454,0.064021143,0.00330009
,S016558,Leola,SD,6/18/18,0,6,Jun,94.6,624.2,6.6,-99.14,45.72,521.57,5.8,0.661533025,0.138345422,0.037525522,0.091536181,0.07105985
140572,Bison140572,Leola,SD,4/22/19,1,5,May,75.8,578.5,7.63,-98.94,45.72,523.3499756,6.239999771,0.848632813,0.038611777,0.069936899,0.040339544,0.002478967
140573,BisonS018981,Leola,SD,5/5/19,1,5,May,123.4,642.8,5.21,-98.94,45.72,523.3499756,6.239999771,0.897312299,0.071355536,0,0.031332165,0
140574,BisonS018871,Leola,SD,6/3/19,1,6,Jun,115.5,638,5.52,-98.94,45.72,523.3499756,6.239999771,0.829626335,0.170373665,0,0,0
140575,BisonS018988,Leola,SD,7/31/19,1,8,Aug,102.1,616.6,6.04,-98.94,45.72,523.3499756,6.239999771,0.651256281,0.105624899,0.203436538,0.039682283,0
140576,BisonS018994,Leola,SD,8/9/19,1,8,Aug,99.6,605.6,6.08,-98.94,45.72,523.3499756,6.239999771,0.167422323,0.010668089,0.801273504,0.020636085,0
140577,BisonS018960,Leola,SD,9/6/19,1,9,Sep,73.7,579,7.86,-98.94,45.72,523.3499756,6.239999771,0.012815935,0.009800421,0.977383645,0,0
,S017989,Leola,SD,10/9/18,0,10,Oct,86.7,600.2,6.92,-99.14,45.72,521.57,5.8,0.255399977,0.613915123,0.012807987,0.026592858,0.091284055
140542,BisonS018721,Fox,AR,5/3/19,1,5,May,128.2,623.1,4.86,-92.3,35.79,1310.339966,14.07999992,0.477250165,0.293762408,0.086532099,0.104980145,0.037475182
140543,Bison140543,Fox,AR,6/9/19,1,6,Jun,127,621.6,4.89,-92.3,35.79,1310.339966,14.07999992,0.412156383,0.0521686,0.416127063,0.117470983,0.00207697
140544,BisonS018832,Fox,AR,7/4/19,1,7,Jul,150.3,663.1,4.41,-92.3,35.79,1310.339966,14.07999992,0.10545892,0.071819275,0.650530578,0.172191226,0
140545,BisonS018858,Fox,AR,8/9/19,1,8,Aug,98.1,615.2,6.27,-92.3,35.79,1310.339966,14.07999992,0.018049523,0.003327881,0.954989002,0.023633594,0
140546,BisonS018964,Fox,AR,9/3/19,1,9,Sep,88,586,6.66,-92.3,35.79,1310.339966,14.07999992,0.066311494,0.068861936,0.743368851,0.120777601,0.000680118
,S016546,Fox,AR,6/21/18,0,6,Jun,111.3,623.9,5.6,-92.37,35.85,1289.63,14.6,0.155337397,0.005114668,0.794877148,0.043557135,0.001113653
,S018002,Fox,AR,9/24/18,0,9,Sep,103,602.7,5.9,-92.37,35.85,1289.63,14.6,0.179105508,0.028223052,0.302101559,0.459585099,0.030984782
140983,BisonS018855,Kingsville,MO,5/3/19,1,5,May,121.6,633.3,5.21,-94.07,38.74,1114.900024,12.47999954,0.661842471,0.160265331,0.041098433,0.046618425,0.09017534
141146,BisonS018816,Kingsville,MO,6/1/19,1,6,Jun,133.9,646.6,4.83,-94.07,38.74,1114.900024,12.47999954,0.431908155,0.044910708,0.469033166,0.03145069,0.022697282
,S016577,Limon,CO,6/21/18,0,6,Jun,55.6,579.1,10.4,-103.74,39.2,398.59,8.8,0.326789625,0.32293527,0.000112648,0.28436623,0.065796228
,S017995,Limon,CO,9/25/18,0,9,Sep,67.9,621.1,9.1,-103.74,39.2,398.59,8.8,0.238234223,0.068223276,0.261218533,0.431715918,0.00060805
,S017999,Limon,CO,9/26/18,0,9,Sep,76.2,616,8.1,-103.74,39.2,398.59,8.8,0.02025208,0.051455902,0.019643631,0.908561452,8.69E-05
,S018000,Limon,CO,9/26/18,0,9,Sep,90.4,625.2,6.9,-103.74,39.2,398.59,8.8,0.024401691,0.055466921,0.139371201,0.731769133,0.048991053
141214,BisonS018854,Limon,CO,4/9/19,1,4,Apr,79.8,615.1,7.71,-103.69,39.26,393.6799927,8.869999886,0.26325992,0.012455663,0.158954054,0.565330363,0
141216,BisonS018806,Limon,CO,6/8/19,1,6,Jun,111.8,640.4,5.73,-103.69,39.26,393.6799927,8.869999886,0.628356579,0.2309525,0.140690921,0,0
141217,BisonS018993,Limon,CO,7/6/19,1,7,Jul,83.9,611.8,7.29,-103.69,39.26,393.6799927,8.869999886,0.451704544,0.043969525,0.493930786,0.010395144,0
141218,BisonS018873,Limon,CO,8/10/19,1,8,Aug,79.3,594.3,7.49,-103.69,39.26,393.6799927,8.869999886,0.06746955,0.545367455,0.009032435,0.37813056,0
141219,BisonS018952,Limon,CO,9/5/19,1,9,Sep,82.8,612.3,7.39,-103.69,39.26,393.6799927,8.869999886,0.084792531,0.875305102,0.00382044,0.036081927,0
141187,BisonS019248,Veblen,SD,5/1/19,1,5,May,126.8,642.7,5.07,-97.29,45.86,595.6799927,6.039999962,0.816378458,0.039296989,0.068887528,0.075437026,0
141188,BisonS019249,Veblen,SD,6/1/19,1,6,Jun,128,650.5,5.08,-97.29,45.86,595.6799927,6.039999962,0.548891198,0.359514024,0.061108351,0.013820514,0.016665913
141190,BisonS019250,Veblen,SD,7/1/19,1,7,Jul,102.8,617.6,6.01,-97.29,45.86,595.6799927,6.039999962,0.052870714,0.003186404,0.942939754,0.001003128,0
141191,BisonS019251,Veblen,SD,8/1/19,1,8,Aug,82.2,583.7,7.1,-97.29,45.86,595.6799927,6.039999962,0.26432652,0.004417221,0.692561399,0.038694859,0
141193,BisonS019252,Veblen,SD,9/1/19,1,9,Sep,87,587.8,6.76,-97.29,45.86,595.6799927,6.039999962,0.029866289,0.094347482,0.861623693,0.014162536,0
,S016576,Winona,MN,6/23/18,0,6,Jun,132.2,629.3,4.8,-91.7,44.01,882.46,7.3,0.82486217,0.068419299,0.010293941,0.075762322,0.020662268
,S018004,Winona,MN,9/25/18,0,9,Sep,155.3,638.8,4.1,-91.7,44.01,882.46,7.3,0.590030032,0.275367883,0.037291029,0.096617628,0.000693428
140536,BisonS018929,Winona,MN,4/6/19,1,4,Apr,109.5,601.1,5.49,-91.64,44.05,863.9500122,8.369999886,0.972424602,0.00402406,0.012749915,0.010166046,0.000635378
140537,BisonS018736,Winona,MN,5/5/19,1,5,May,159.5,641.3,4.02,-91.64,44.05,863.9500122,8.369999886,0.994302208,0.003673576,0.001424449,0,0.000599767
140538,BisonS018811,Winona,MN,6/1/19,1,6,Jun,162.8,666.3,4.09,-91.64,44.05,863.9500122,8.369999886,0.925148422,0.074851578,0,0,0
140539,BisonS018857,Winona,MN,7/6/19,1,7,Jul,144.3,643.7,4.46,-91.64,44.05,863.9500122,8.369999886,0.721064989,0.067635746,0.208651781,0.002647485,0
140540,BisonS018979,Winona,MN,8/4/19,1,8,Aug,154.4,651.6,4.22,-91.64,44.05,863.9500122,8.369999886,0.70653294,0.177783883,0.115683177,0,0
140541,BisonS018961,Winona,MN,9/2/19,1,9,Sep,153.2,657.4,4.29,-91.64,44.05,863.9500122,8.369999886,0.599878868,0.316577008,0.082510956,0,0.001033169
,S016551,Garden city,KS,6/22/18,0,6,Jun,114.5,676,5.9,-100.87,37.97,490.69,12.2,0.004099585,0.787386052,0.0000621,0.208142094,0.000310203
,S018010,Garden city,KS,9/25/18,0,9,Sep,65.5,569.1,8.7,-100.88,37.95,490.6,12.2,0.035652754,0.037300606,0.003295669,0.923601098,0.000149873
140578,Bison140578,Garden city,KS,4/8/19,1,4,Apr,83.4,560.8,6.72,-100.87,37.97,490.6900024,12.23999977,0.013720317,0.501846965,0.103957784,0.380474934,0
140579,Bison140579,Garden city,KS,5/8/19,1,5,May,94.1,589.3,6.26,-100.87,37.97,490.6900024,12.23999977,0.070500745,0.237481408,0.032126922,0.659097668,0.000793257
140580,Bison140580,Garden city,KS,6/7/19,1,6,Jun,109.1,622,5.7,-100.87,37.97,490.6900024,12.23999977,0.037300178,0.914103019,0,0.048596803,0
140581,BisonS018935,Garden city,KS,7/5/19,1,7,Jul,112.9,605.3,5.36,-100.87,37.97,490.6900024,12.23999977,0.09387526,0.882475549,0.003527337,0.020121854,0
140582,Bison140582,Garden city,KS,8/2/19,1,8,Aug,111.9,587.2,5.25,-100.87,37.97,490.6900024,12.23999977,0.020684168,0.90188279,0,0.077433042,0
140583,BisonS018946,Garden city,KS,9/6/19,1,9,Sep,64.4,553.8,8.6,-100.87,37.97,490.6900024,12.23999977,0.002241444,0.641369004,0,0.356389552,0
,S016585,Fort Yates,ND,9/25/18,0,9,Sep,63.4,598.1,9.4,-100.63,46.09,423.06,7.2,0.6404066,0.081321472,0.247423403,0.030777926,7.06E-05
,S016592,Fort Yates,ND,9/25/18,0,9,Sep,67.3,605.4,9,-100.63,46.09,423.06,7.2,0.351457691,0.092738325,0.518601325,0.037202659,0
,S016594,Fort Yates,ND,9/25/18,0,9,Sep,61.8,608,9.8,-100.63,46.09,423.06,7.2,0.661408179,0.11078431,0.175846697,0.05178256,0.000178254
,S016595,Fort Yates,ND,9/25/18,0,9,Sep,61.4,598.5,9.7,-100.63,46.09,423.06,7.2,0.471371197,0.105007382,0.376434976,0.047186445,0
,S016598,Fort Yates,ND,9/25/18,0,9,Sep,59.3,610.1,10.3,-100.63,46.09,423.06,7.2,0.60034549,0.09298311,0.272314169,0.03426638,9.09E-05
,S016599,Fort Yates,ND,9/25/18,0,9,Sep,65.9,608,9.2,-100.63,46.09,423.06,7.2,0.073000258,0.012425576,0.908879107,0.005436192,0.000258866
,S016561,Clayton,WI,6/27/18,0,6,Jun,129.2,637.1,4.9,-92.12,45.29,823.83,6.1,0.352309163,0.426899927,0.088653879,0.020982168,0.111154862
141249,Bison141249,Fort Pierre,SD,4/3/19,1,4,Apr,43.7,573.2,13.12,-100.37,44.35,448.2900085,8.260000229,0.025391966,0.003695296,0.958612679,0.012300059,0
141250,Bison141250,Fort Pierre,SD,5/8/19,1,5,May,74,623,8.42,-100.37,44.35,448.2900085,8.260000229,0.810527199,0.0282908,0.132555406,0.028626595,0
141251,Bison141251,Fort Pierre,SD,6/10/19,1,6,Jun,109.4,645.6,5.9,-100.37,44.35,448.2900085,8.260000229,0.307929281,0.445352263,0.152558264,0.011518886,0.082641307
141252,Bison141252,Fort Pierre,SD,7/15/19,1,7,Jul,86.6,624.9,7.22,-100.37,44.35,448.2900085,8.260000229,0.098176884,0.355124196,0.539205852,0.006726061,0.000767007
141253,Bison141253,Fort Pierre,SD,8/14/19,1,8,Aug,65.8,597.6,9.08,-100.37,44.35,448.2900085,8.260000229,0.011632081,0.006534071,0.981833848,0,0
141254,BisonS018958,Fort Pierre,SD,9/16/19,1,9,Sep,51.4,567.5,11.04,-100.37,44.35,448.2900085,8.260000229,0.365979617,0.114254376,0.500479868,0.019286139,0
140559,BisonS018889,Santa Ysabel,CA,4/5/19,1,4,Apr,143.9,622.3,4.32,-116.6,33.08,673.9500122,13.97000027,0.117574528,0.658446363,0.102270254,0,0.121708856
140560,BisonS018820,Santa Ysabel,CA,5/4/19,1,5,May,118.9,595.5,5.01,-116.6,33.08,673.9500122,13.97000027,0.185425411,0.549217856,0.039679512,0,0.225677221
140561,BisonS018891,Santa Ysabel,CA,6/7/19,1,6,Jun,85.7,576.2,6.72,-116.6,33.08,673.9500122,13.97000027,0.63661544,0.029932094,0.327823447,0,0.00562902
140562,BisonS018768,Santa Ysabel,CA,7/2/19,1,7,Jul,82.1,567.1,6.91,-116.6,33.08,673.9500122,13.97000027,0.005259758,0.015686998,0.979053244,0,0
140563,Bison140563,Santa Ysabel,CA,8/8/19,1,8,Aug,101.9,580.5,5.7,-116.6,33.08,673.9500122,13.97000027,0.041965072,0.234074632,0.719060184,0.001382083,0.00351803
140564,BisonS018996,Santa Ysabel,CA,9/4/19,1,9,Sep,93.3,575.5,6.17,-116.6,33.08,673.9500122,13.97000027,0.107087429,0.429679995,0.417559677,0,0.045672899
,S016572,Olney,TX,6/19/18,0,6,Jun,71.4,605.3,8.5,-98.76,33.38,762.19,17.8,0.023573309,0.048156857,0.724795607,0.202516098,0.000958128
,S018023,Olney,TX,9/29/18,0,9,Sep,82.8,609.1,7.4,-98.76,33.38,762.19,17.8,0.199040767,0.160923892,0.171399722,0.468509403,0.000126215
140977,Bison140977,Olney,TX,4/27/19,1,5,May,99.7,634.6,6.37,-98.75,33.37,764.7600098,17.8199997,0.575931926,0.186385738,0.203079418,0.033225285,0.001377634
140978,Bison140978,Olney,TX,5/16/19,1,5,May,69.3,572.3,8.26,-98.75,33.37,764.7600098,17.8199997,0.022294022,0.899192247,0.0365105,0.042003231,0
140979,Bison140979,Olney,TX,6/8/19,1,6,Jun,49.6,584,11.77,-98.75,33.37,764.7600098,17.8199997,0.044263991,0.160735612,0.579651301,0.215349096,0
140980,Bison140980,Olney,TX,7/8/19,1,7,Jul,71.5,601,8.41,-98.75,33.37,764.7600098,17.8199997,0.162972243,0.153816501,0.179741711,0.502698535,0.00077101
140981,Bison140981,Olney,TX,8/18/19,1,8,Aug,40.2,572.2,14.23,-98.75,33.37,764.7600098,17.8199997,0,0.272727273,0,0.727272727,0
140982,Bison140982,Olney,TX,9/8/19,1,9,Sep,45.1,569.6,12.63,-98.75,33.37,764.7600098,17.8199997,0.067901869,0.241736808,0.008057894,0.682303429,0
,S018024,Broken Bow,NE,9/27/18,0,9,Sep,48.2,564.2,11.7,-99.61,41.33,603.39,9.2,0.588023952,0.220619377,0.009361846,0.181877068,0.000117758
141651,BisonS018814,Broken Bow,NE,4/8/19,1,4,Apr,63.3,570.3,9.01,-99.64,41.4,597.3900146,9.149999619,0.008008587,0.008173712,0.966479524,0.017338177,0
141652,BisonS018911,Broken Bow,NE,6/1/19,1,6,Jun,79.5,610.2,7.68,-99.64,41.4,597.3900146,9.149999619,0.638757763,0.16115942,0.194699793,0,0.005383023
141653,BisonS018827,Broken Bow,NE,7/1/19,1,7,Jul,94,617.4,6.57,-99.64,41.4,597.3900146,9.149999619,0,0.207597966,0,0,0.792402034
141654,BisonS018769,Broken Bow,NE,8/1/19,1,8,Aug,74.8,598.4,8,-99.64,41.4,597.3900146,9.149999619,0.133436881,0.075614233,0.758048575,0.032264897,0.000635414
141655,BisonS018702,Broken Bow,NE,9/1/19,1,9,Sep,77.5,592.1,7.64,-99.64,41.4,597.3900146,9.149999619,0.113889129,0.361841538,0.49254246,0.031726873,0
,S016539,strong city,KS,6/18/18,0,6,Jun,87.8,614.4,7,-96.57,38.44,905.21,12.7,0.067058238,0.552366691,0.140469716,0.238299833,0.001805521
,S018012,strong city,KS,9/24/18,0,9,Sep,55,557.7,10.1,-96.57,38.44,905.21,12.7,0.014653641,0.220337485,0.20506217,0.559946704,0
141233,BisonS018760,Strong City,KS,4/8/19,1,4,Apr,43.9,527.2,12.01,-96.54,38.4,919.8099976,12.92000008,0.072930277,0.42861385,0.164449459,0.316605298,0.017401116
141234,BisonS018751,Strong City,KS,5/6/19,1,5,May,122.1,625.3,5.12,-96.54,38.4,919.8099976,12.92000008,0.246811703,0.267031043,0.127996285,0.358160969,0
141235,BisonS018992,Strong City,KS,6/3/19,1,6,Jun,105.3,626.3,5.95,-96.54,38.4,919.8099976,12.92000008,0.117663192,0.760285244,0.027427318,0.094007131,0.000617115
141236,BisonS018733,Strong City,KS,7/8/19,1,7,Jul,73.2,597.1,8.16,-96.54,38.4,919.8099976,12.92000008,0.147973059,0.237922548,0.379225492,0.21279627,0.022082631
141237,BisonS018903,Strong City,KS,8/8/19,1,8,Aug,49.2,564.9,11.48,-96.54,38.4,919.8099976,12.92000008,0.110156073,0.130965844,0.5679145,0.16653472,0.024428863
141261,BisonS018700,Strong City,KS,9/1/19,1,9,Sep,36,554,15.39,-96.54,38.4,919.8099976,12.92000008,0.048893505,0.440121434,0.201286251,0.30969881,0
141178,BisonS018809,Pawhuska,OK,4/5/19,1,4,Apr,54.6,510.8,9.36,-96.34,36.67,1083.300049,15.15999985,0.147906707,0.262929161,0.456468202,0.13269593,0
141179,BisonS018810,Pawhuska,OK,5/6/19,1,5,May,145.9,612.3,4.2,-96.34,36.67,1083.300049,15.15999985,0.011194715,0.103566402,0.585856733,0.29938215,0
141181,BisonS018762,Pawhuska,OK,6/6/19,1,6,Jun,105.4,616,5.84,-96.34,36.67,1083.300049,15.15999985,0.028084933,0.412455057,0.246794654,0.303778578,0.008886778
141183,BisonS018867,Pawhuska,OK,7/1/19,1,7,Jul,82.3,586.3,7.12,-96.34,36.67,1083.300049,15.15999985,0.084321476,0.113306983,0.471014492,0.319499341,0.011857708
141184,BisonS018989,Pawhuska,OK,8/1/19,1,8,Aug,73.8,575.7,7.8,-96.34,36.67,1083.300049,15.15999985,0.042729489,0.365881397,0.391632818,0.199756296,0
141185,BisonS018969,Pawhuska,OK,9/5/19,1,9,Sep,62.1,526.6,8.48,-96.34,36.67,1083.300049,15.15999985,0.004108301,0.029946047,0.448695738,0.517249914,0
,S016537,York,SC,6/25/18,0,6,Jun,77.7,590.9,7.6,-81.22,34.91,1125.01,15.9,0.586076908,0.017466501,0.167636994,0.220588276,0.00823132
,S018014,York,SC,9/28/18,0,9,Sep,85.9,577.6,6.7,-81.22,34.91,1125.01,15.9,0.12863023,0.195975303,0.286302308,0.373885207,0.015206952
141047,BisonS018720,York,SC,4/9/19,1,4,Apr,131.9,642.6,4.87,-81.24,34.99,1124.680054,15.81000042,0.307496554,0.051161064,0.462411197,0.079896088,0.099035097
141048,Bison141048,York,SC,5/3/19,1,5,May,109.1,618.7,5.67,-81.24,34.99,1124.680054,15.81000042,0.022550911,0.00857449,0.956655949,0.004930333,0.007288318
141049,BisonS018876,York,SC,6/14/19,1,6,Jun,97.5,606.7,6.22,-81.24,34.99,1124.680054,15.81000042,0.00627916,0.07040376,0.417160696,0.503350055,0.002806329
141050,BisonS018817,York,SC,7/14/19,1,7,Jul,76.9,566.5,7.37,-81.24,34.99,1124.680054,15.81000042,0.09876691,0.341015204,0.102538009,0.454567222,0.003112655
141052,BisonS018764,York,SC,8/1/19,1,8,Aug,80.6,570,7.07,-81.24,34.99,1124.680054,15.81000042,0.210788873,0.229052168,0.223725375,0.336433584,0
141053,BisonS018947,York,SC,10/17/19,1,10,Oct,62.9,573.9,9.12,-81.24,34.99,1124.680054,15.81000042,0.335367448,0.021837678,0.371371283,0.271423591,0
,S016583,York,SC,6/25/18,0,6,Jun,87.5,581.2,6.6,-81.22,34.91,1125.01,15.9,0.350488071,0.179242347,0.448372987,0.017045126,0.004851468
,S018017,York,SC,9/28/18,0,9,Sep,115.3,608.2,5.3,-81.22,34.91,1125.01,15.9,0.398883657,0.131279533,0.216187227,0.253112898,0.000536684
,S016541,Wood River,NE,6/18/18,0,6,Jun,91,624.7,6.9,-98.46,40.79,703.85,10.4,0.17090466,0.013605437,0.762086868,0.052711926,0.000691109
140519,BisonS018725,Wood River,NE,4/3/19,1,4,Apr,78.6,575.3,7.32,-98.6,40.82,713.0800171,10.36999989,0.11081005,0.013125485,0.677563515,0.19850095,0
140513,BisonS018829,Wood River,NE,4/3/19,1,4,Apr,40,514,12.85,-98.6,40.82,713.0800171,10.36999989,0.075244823,0.057270362,0.829056651,0.038428164,0
140520,BisonS018746,Wood River,NE,5/1/19,1,5,May,139.9,647,4.62,-98.6,40.82,713.0800171,10.36999989,0.756446413,0.105761483,0.012154178,0.097233414,0.028404512
140514,BisonS018920,Wood River,NE,5/2/19,1,5,May,73.8,571.5,7.74,-98.6,40.82,713.0800171,10.36999989,0.383299192,0.351729124,0.135498253,0.129473431,0
140521,BisonS018836,Wood River,NE,6/3/19,1,6,Jun,105.4,623.5,5.92,-98.6,40.82,713.0800171,10.36999989,0.217292563,0.31000081,0.007543191,0.423027009,0.042136427
140515,BisonS018886,Wood River,NE,6/3/19,1,6,Jun,102.5,636.6,6.21,-98.6,40.82,713.0800171,10.36999989,0.094398556,0.094329145,0.37995419,0.413201915,0.018116194
140516,Bison140516,Wood River,NE,7/1/19,1,7,Jul,96.7,635.4,6.57,-98.6,40.82,713.0800171,10.36999989,0.000478584,0.491505144,0.504714046,0.003302226,0
140522,BisonS018783,Wood River,NE,7/1/19,1,7,Jul,99.4,628.8,6.33,-98.6,40.82,713.0800171,10.36999989,0.046707726,0.260364568,0.635390402,0.05633861,0.001198694
140523,BisonS018853,Wood River,NE,8/1/19,1,8,Aug,84.6,598.8,7.08,-98.6,40.82,713.0800171,10.36999989,0.068617041,0.035919593,0.612939841,0.273626012,0.008897514
140517,Bison140517,Wood River,NE,8/5/19,1,8,Aug,100.5,638.6,6.35,-98.6,40.82,713.0800171,10.36999989,0.026600262,0.006904749,0.920708584,0.045220442,0.000565963
140524,BisonS018950,Wood River,NE,9/3/19,1,9,Sep,67.3,570.2,8.47,-98.6,40.82,713.0800171,10.36999989,0.17277385,0.078669176,0.307218366,0.441338608,0
140518,BisonS018951,Wood River,NE,9/3/19,1,9,Sep,45,555.6,12.35,-98.6,40.82,713.0800171,10.36999989,0.131630648,0.344952153,0.222003928,0.291273212,0.01014006
,S018025,Wood River,NE,9/24/18,0,9,Sep,63.8,565.4,8.9,-98.46,40.79,703.85,10.4,0.199936205,0.139011165,0.559043066,0.101881976,0.000127588
,S018016,Pawhuska,OK,9/25/18,0,9,Sep,40.4,527.4,13.1,-96.34,36.67,1083.3,15.2,0.008540621,0.076225045,0.84381339,0.071100671,0.000320273
,S016570,Westfield,IA,6/22/18,0,6,Jun,108.8,631.1,5.8,-96.6,42.76,713.07,9.1,0.377779142,0.069086398,0.323988707,0.204708203,0.024437551
,S018019,Westfield,IA,9/26/18,0,9,Sep,100.2,583.5,5.8,-96.58,42.7,713.06,9,0.341765617,0.107898818,0.445964539,0.10376872,0.000602306
,S016548,Center,ND,6/21/18,0,6,Jun,86.2,633.7,7.4,-100.97,47.12,438.86,6,0.69431181,0.061815011,0.073815302,0.076002034,0.094055844
,S018018,Center,ND,9/27/18,0,9,Sep,52.3,614.6,11.8,-100.97,47.12,438.86,6,0.614202924,0.228405808,0.095942034,0.050628021,0.010821212
,S016567,Gatesville,TX,6/18/18,0,6,Jun,54.8,551.9,10.1,-97.68,31.47,864.96,19.1,0.032909753,0.058625655,0.875734587,0.032430259,0.000299746
,S018020,Gatesville,TX,9/27/18,0,9,Sep,64.5,559.6,8.7,-97.68,31.47,864.96,19.1,0.085297415,0.451659444,0.051867883,0.317781002,0.093394256
140553,BisonS018735,Lake City,KS,4/16/19,1,4,Apr,64.6,573.6,8.88,-98.82,37.36,733.3800049,14.01000023,0.251142699,0.134763172,0,0.614094128,0
140554,BisonS018875,Lake City,KS,5/6/19,1,5,May,99.3,604,6.08,-98.82,37.36,733.3800049,14.01000023,0.04758295,0.818998192,0.038602834,0.093241588,0.001574435
140555,BisonS018732,Lake City,KS,6/5/19,1,6,Jun,85.6,597.8,6.98,-98.82,37.36,733.3800049,14.01000023,0.014722335,0.593144492,0.199579362,0.192553812,0
140556,BisonS018837,Lake City,KS,7/2/19,1,7,Jul,56.1,574.8,10.25,-98.82,37.36,733.3800049,14.01000023,0.075247104,0.237697949,0.402380699,0.284674248,0
140557,BisonS018863,Lake City,KS,8/5/19,1,8,Aug,56.2,573.7,10.21,-98.82,37.36,733.3800049,14.01000023,0.014335015,0.084019114,0.854426598,0.047219274,0
140558,Bison140558,Lake City,KS,9/4/19,1,9,Sep,57.9,557.4,9.63,-98.82,37.36,733.3800049,14.01000023,0,0.460869565,0.539130435,0,0
,S016556,Lake City,KS,6/18/18,0,6,Jun,64.5,607.9,9.4,-98.99,37.09,660.54,14.2,0.049370885,0.365685942,0.476232342,0.108367331,0.000343501
,S018022,Lake City,KS,9/24/18,0,9,Sep,35.2,553.5,15.7,-98.99,37.09,660.54,14.2,0.007851444,0.741026923,0.05620638,0.194292123,0.00062313